{
  "Component-preload.js": 1617184527699,
  "controller/ListSelector.js": 1617183060392,
  "model/models.js": 1617183060396,
  "model/formatter.js": 1617183060396,
  "controller/NotFound.controller.js": 1617183060396,
  "controller/Master.controller.js": 1617183060396,
  "manifest.json": 1617184527770,
  "controller/ErrorHandler.js": 1617183060392,
  "controller/DetailObjectNotFound.js": 1617183060392,
  "controller/DetailObjectNotFound.controller.js": 1617183060392,
  "controller/Detail.controller.js": 1617183060392,
  "controller/BaseController.js": 1617183060392,
  "controller/App.controller.js": 1617183060392,
  "Component.js": 1617183060392,
  "manifest-bundle.zip": 1617184527327,
  "i18n/i18n.properties": 1617183060396,
  "controller/DetailObjectNotFound-dbg.js": 1617183060392,
  "model/formatter-dbg.js": 1617183060396,
  "controller/NotFound-dbg.controller.js": 1617183060396,
  "controller/Master-dbg.controller.js": 1617183060396,
  "controller/ListSelector-dbg.js": 1617183060392,
  "controller/ErrorHandler-dbg.js": 1617183060392,
  "model/models-dbg.js": 1617183060396,
  "controller/DetailObjectNotFound-dbg.controller.js": 1617183060392,
  "controller/Detail-dbg.controller.js": 1617183060392,
  "controller/BaseController-dbg.js": 1617183060392,
  "controller/App-dbg.controller.js": 1617183060392,
  "Component-dbg.js": 1617183060392,
  "resources.json": 1617184527773,
  "view/ViewSettingsDialog.fragment.xml": 1617183060408,
  "view/NotFound.view.xml": 1617183060408,
  "view/Master.view.xml": 1617183060408,
  "view/DetailObjectNotFound.view.xml": 1617183060408,
  "view/Detail.view.xml": 1617183060404,
  "view/App.view.xml": 1617183060404,
  "test.html": 1617183060396,
  "index.html": 1617183060396
}